AttemptID,UserID,ClassID,TestID,TotalQuestion,CorrectList,WrongList
1,1,1,2,10.0,xxx,xxx
2,2,1,11,,,
3,1,1,2,,,
4,3,1,2,,,
5,1,1,2,,,
6,1,1,2,,,
7,1,1,3,,,
8,1,1,2,,,
9,1,1,3,,,
10,1,1,2,,,
11,1,1,4,,,
12,1,1,3,,,
13,1,1,2,,,
14,1,1,2,,,
15,1,1,2,,,
16,1,1,2,,,
17,1,1,3,,,
18,1,1,2,,,
19,1,1,2,,,
20,1,1,3,,,
21,1,1,2,,,
22,1,1,2,,,
23,1,1,2,,,
24,1,1,2,,,
25,1,1,4,,,
26,1,1,2,,,
27,1,1,2,,,
28,1,1,2,,,
29,1,1,2,,,
30,1,1,2,,,
31,1,1,2,,,
32,1,1,1,,,
33,1,1,2,,,
34,1,1,2,,,
35,1,1,3,,,
36,1,1,2,,,
37,1,1,2,,,
38,1,1,3,,,
39,1,1,2,,,
40,1,1,2,,,
41,1,1,2,,,
42,1,1,2,,,
43,1,1,10,,,
44,1,1,4,,,
45,1,1,3,,,
46,1,1,3,,,
47,1,1,3,,,
48,1,1,2,,,
49,1,1,2,,,
50,1,1,1,,,
51,1,1,3,,,
52,1,1,2,,,
53,1,1,2,,,
54,1,1,2,,,
55,1,1,2,,,
56,1,1,2,,,
57,1,1,3,,,
58,1,1,4,,,
59,1,1,9,,,
60,1,1,3,,,
61,1,1,1,,,
62,1,1,1,,,
63,1,1,3,,,
64,1,1,1,,,
65,1,1,3,,,
66,1,1,2,,,
67,1,1,2,,,
68,1,1,4,,,
69,1,1,3,,,
70,1,1,3,,,
71,1,1,14,,,
72,1,1,7,,,
73,1,1,10,,,
74,1,2,21,,,
75,1,1,2,,,
76,1,1,2,,,
77,1,1,2,,,
78,1,1,3,,,
79,1,1,2,,,
80,1,1,2,,,
81,1,1,2,,,
82,1,1,2,,,
83,1,1,2,,,
84,1,1,2,,,
85,1,1,3,,,
86,1,1,3,,,
87,1,1,3,,,
88,1,1,4,,,
89,1,1,3,,,
90,1,1,2,,,
91,1,1,2,,,
92,1,1,3,,,
93,1,1,1,,,
94,1,1,2,,,
95,1,1,1,,,
96,1,1,1,,,
97,1,1,2,,,
98,1,1,1,,,
99,1,1,1,,,
100,1,1,1,,,
101,1,1,1,,,
102,1,1,1,,,
103,1,1,1,,,
104,1,1,1,,,
105,1,1,1,,,
106,1,1,1,,,
107,1,1,1,,,
108,1,1,1,,,
109,1,1,2,,,
110,1,1,2,,,
